site,keyword,country,branded,clicks,impressions,avg_position,ctr
https://roosters.bet,rooster bet,kwt,True,48,171,5.0,28.07
https://roosters.bet,rooster bet,sau,True,32,134,3.6,23.88
https://rocketspin.io/,rocketspin,kwt,True,27,39,1.8,69.23
https://roosters.bet,roosterbet,kwt,True,25,54,1.9,46.3
https://www.luckyvibe.io/,luckyvibe,kwt,True,25,47,2.1,53.19
https://fortuneplay.casino/,fortune play casino,kwt,True,20,25,4.6,80.0
https://roosters.bet,rooster bet login,sau,True,17,21,1.2,80.95
https://roosters.bet,roosterbet,sau,True,17,53,1.8,32.08
https://roosters.bet,roster bet,kwt,True,13,25,1.8,52.0
https://roostersbet.com,roosterbet,sau,True,13,51,3.3,25.49
https://www.luckyvibecasino.com,luckyvibe bet,kwt,True,12,26,2.5,46.15
https://www.playmojo.io/,playmojo,kwt,True,9,61,3.9,14.75
https://lucky7evencasino.com,lucky7even,kwt,True,9,24,2.3,37.5
https://roostersbet.com,roosterbet,kwt,True,8,51,4.4,15.69
https://www.playmojo.io/,playmogo,sau,True,7,41,2.3,17.07
https://www.luckyvibe.io/,lucky vibe,kwt,True,7,15,1.1,46.67
https://fortuneplay.casino/,fortune play,kwt,True,7,30,2.4,23.33
https://www.luckyvibe.io/,luckyvibe bet,kwt,True,7,26,2.0,26.92
https://casinoroosters.com,rooster casino,kwt,True,7,39,3.7,17.95
https://www.spinjocasino.com,spinjo,kwt,True,6,58,2.7,10.34
https://fortuneplay.casino/,fortuneplay,kwt,True,6,24,2.6,25.0
https://roosters.bet,rooster casino,kwt,True,6,39,2.9,15.38
https://www.luckyvibecasino.com,luckyvibe casino,kwt,True,5,9,1.7,55.56
https://casinoroosters.com,rooster bet,kwt,True,5,66,8.5,7.58
https://roosters.bet,rooster.bet,kwt,True,5,21,2.1,23.81
https://roostersbet.com,rooster bet,sau,True,5,148,8.3,3.38
https://roostersbet.com,rooster casino,kwt,True,4,38,6.2,10.53
https://www.spinjo.io,spinjo,kwt,True,4,61,2.9,6.56
https://www.luckyvibecasino.com,lucky vibe,kwt,True,4,15,2.8,26.67
https://lucky7evencasino.com,lucky7even,sau,True,3,39,3.1,7.69
https://www.playmojocasino.com/,playmojo,kwt,True,3,62,4.2,4.84
https://www.spinjocasino.com,spinjo casino,kwt,True,3,7,2.0,42.86
https://casinoroosters.com,rooster bet login,sau,True,3,17,3.3,17.65
https://www.luckyvibecasino.com,luckyvibe casino,sau,True,3,5,1.2,60.0
https://roostersbet.com,rooster bet,kwt,True,3,185,10.8,1.62
https://roosters.bet,rooster.bet,sau,True,3,54,2.4,5.56
https://rocketspin.io/,rocketspin casino,kwt,True,3,23,1.9,13.04
https://fortuneplay.io,fortune play casino,kwt,True,3,23,6.2,13.04
https://rollero.io/,rollero,kwt,True,3,19,2.6,15.79
https://spinsupcasino.com/,spinsup casino,kwt,True,2,21,2.1,9.52
https://www.luckyvibecasino.com,luckyvibe,kwt,True,2,36,3.9,5.56
https://www.luckyvibe.io/,luckyvibe casino,kwt,True,2,10,2.8,20.0
https://roostersbet.com,rooster bet login,sau,True,2,21,2.4,9.52
https://fortuneplay.casino/,fortuneplay,sau,True,2,147,3.2,1.36
https://roostersbet.com,rooster bet casino,sau,True,2,112,12.1,1.79
https://rocketspin.io/,roketspin,kwt,False,2,4,1.0,50.0
https://rocketspin.io/,rocket spin casino,kwt,True,2,3,2.0,66.67
https://lucky7evencasino.com,lucky7even casino,kwt,True,2,6,1.8,33.33
https://rocketspin.io/,rocket spin,kwt,True,2,2,2.5,100.0
https://www.spinsup.io/,spinsup casino,kwt,True,2,19,2.6,10.53
https://www.spinsup.io/,spinsup,sau,True,1,22,9.9,4.55
https://www.spinsup.io/,spinsup casino login,kwt,True,1,1,1.0,100.0
https://www.spinsup.io/,spinup casino,kwt,False,1,2,1.5,50.0
https://casinoroosters.com,rooster bet,sau,True,1,58,5.9,1.72
https://www.playmojocasino.com/,play mojo casino login,kwt,True,1,1,2.0,100.0
https://www.playmojo.io/,play mojo,sau,True,1,6,20.0,16.67
https://www.playmojo.io/,play mojo casino login,kwt,True,1,1,3.0,100.0
https://www.playmojo.io/,playmogo,kwt,True,1,5,2.0,20.0
https://casinoroosters.com,roster bet,kwt,True,1,9,4.3,11.11
https://www.luckyvibecasino.com,lucky vibe casino,kwt,True,1,4,6.8,25.0
https://www.casinospinjo.com,spinjo casino,kwt,True,1,6,3.8,16.67
https://roostersbet.com,rooster.bet,sau,True,1,46,4.1,2.17
https://roostersbet.com,rosterbet,kwt,True,1,10,3.7,10.0
https://roostersbet.com,rooster casino,sau,True,1,17,11.6,5.88
https://fortuneplay.casino/,fortuneplay casino,kwt,True,1,4,2.5,25.0
https://fortuneplay.casino/,fortuneplay casino,sau,True,1,18,21.9,5.56
https://roosters.bet,rosterbet,kwt,True,1,9,2.3,11.11
https://roosters.bet,rooster casino login,sau,True,1,1,1.0,100.0
https://roosters.bet,roosterbet casino,kwt,True,1,1,5.0,100.0
https://roosters.bet,roostervolt casino,kwt,False,1,2,2.5,50.0
https://roosters.bet,roostervolt casino,sau,False,1,2,1.0,50.0
https://fortuneplay.casino/,fortunplay,kwt,True,1,6,2.8,16.67
https://fortuneplay.io,fortune play,sau,True,1,8,14.9,12.5
https://lucky7evencasino.com,lucky7even casino,sau,True,1,21,4.5,4.76
https://fortuneplay.io,fortuneplay casino,sau,True,1,19,23.7,5.26
https://fortuneplay.io,fortuneplay login,sau,True,1,1,3.0,100.0
https://rollerocasino.com/,rollero,sau,True,1,7,26.3,14.29
https://rollerocasino.com/,rollero casino,kwt,True,1,5,1.6,20.0
https://rocketspin.io/,rocketspin,sau,True,1,5,10.4,20.0
https://lucky7evencasino.com,lucky seven casino,kwt,True,1,1,7.0,100.0
https://lucky7evencasino.com,lucky seven casino,sau,True,1,4,16.2,25.0
https://www.spinsup.io/,spinup casino,sau,False,1,4,1.8,25.0
https://casinoroosters.com,rooster.bet,kwt,True,1,7,4.9,14.29
https://www.spinsup.io/,spin up,kwt,True,0,1,59.0,0.0
https://casinoroosters.com,rooster bet casino,sau,True,0,54,13.1,0.0
https://casinoroosters.com,rooster bet casino login,kwt,True,0,1,2.0,0.0
https://casinoroosters.com,rooster bet casino no deposit bonus,sau,True,0,1,24.0,0.0
https://casinoroosters.com,rooster casino,sau,True,0,17,5.0,0.0
https://casinoroosters.com,rooster casino login,sau,True,0,1,2.0,0.0
https://casinoroosters.com,rooster casino no deposit bonus,sau,True,0,1,23.0,0.0
https://casinoroosters.com,rooster.bet,sau,True,0,6,6.0,0.0
https://casinoroosters.com,roosterbet,kwt,True,0,26,6.7,0.0
https://casinoroosters.com,roosterbet,sau,True,0,22,6.0,0.0
https://www.spinjocasino.com,spinjoy casino,sau,False,0,1,2.0,0.0
https://fortuneplay.casino/,fortuna play casino,sau,False,0,1,4.0,0.0
https://fortuneplay.casino/,fortuna casino,sau,False,0,1,50.0,0.0
https://casinospinsup.com/,كازينو spinsup,sau,True,0,106,7.2,0.0
https://www.playmojocasino.com/,playmojo,sau,True,0,32,10.9,0.0
https://www.playmojocasino.com/,playmojo casino,sau,True,0,2,25.5,0.0
https://www.playmojocasino.com/,playmojo.com,kwt,True,0,1,6.0,0.0
https://www.playmojocasino.com/,كازينو playmojo,kwt,True,0,111,7.8,0.0
https://www.playmojocasino.com/,كازينو playmojo,sau,True,0,244,6.3,0.0
https://www.spinjo.io,beste online casino casinod.casino 🇩🇪,kwt,False,0,1,7.0,0.0
https://www.spinjo.io,beste online casino casinod.casino 🇩🇪,sau,False,0,7,7.0,0.0
https://www.spinjo.io,beste online casino 🇩🇪 casinod.casino,sau,False,0,2,3.5,0.0
https://www.spinjo.io,casino,sau,False,0,1,22.0,0.0
https://www.spinjo.io,jo casino,sau,False,0,1,96.0,0.0
https://www.spinjo.io,sapinjo,sau,False,0,1,3.0,0.0
https://www.spinjo.io,seriöses online casino 🇩🇪 casinod.casino,sau,False,0,2,7.0,0.0
https://www.spinjo.io,spinjo,sau,True,0,6,27.7,0.0
https://www.spinjo.io,spinjo casino,kwt,True,0,9,2.9,0.0
https://www.spinjo.io,spinjo casino,sau,True,0,18,11.7,0.0
https://www.spinjo.io,spinjo casino erfahrungen,sau,True,0,1,13.0,0.0
https://lucky7evencasino.org,lucky7even,kwt,True,0,2,10.0,0.0
https://lucky7evencasino.org,lucky7even,sau,True,0,10,10.1,0.0
https://lucky7evencasino.org,lucky7even casino,kwt,True,0,3,4.0,0.0
https://lucky7evencasino.org,lucky7even casino,sau,True,0,3,10.7,0.0
https://lucky7evencasino.org,luckyseven casino,sau,False,0,1,60.0,0.0
https://rocketspin.io/,casino rocket free spins,sau,False,0,3,25.7,0.0
https://rocketspin.io/,casino rocket free spins no deposit,sau,False,0,2,32.5,0.0
https://lucky7evencasino.com,lucky 7 casino no deposit bonus,kwt,True,0,2,12.0,0.0
https://lucky7evencasino.com,lucky 7 casino no deposit bonus,sau,True,0,3,9.3,0.0
https://lucky7evencasino.com,lucky 7 casino online,sau,True,0,5,7.6,0.0
https://lucky7evencasino.com,lucky 7 casino online real money,sau,True,0,1,23.0,0.0
https://lucky7evencasino.com,lucky 7 casino promo code,kwt,True,0,1,67.0,0.0
https://lucky7evencasino.com,lucky 7 casino promo code,sau,True,0,1,65.0,0.0
https://lucky7evencasino.com,lucky 7 even,sau,True,0,1,2.0,0.0
https://lucky7evencasino.com,lucky 7 online casino,sau,True,0,2,5.0,0.0
https://lucky7evencasino.com,lucky 7even,sau,True,0,3,11.7,0.0
https://rocketspincasino.com/,rocket spin,kwt,True,0,1,6.0,0.0
https://rocketspincasino.com/,rocket spin,sau,True,0,1,4.0,0.0
https://rocketspincasino.com/,rocket spin casino,kwt,True,0,3,4.0,0.0
https://rocketspincasino.com/,rocket spin casino,sau,True,0,17,9.0,0.0
https://rocketspincasino.com/,rocket spin no deposit bonus,kwt,True,0,1,81.0,0.0
https://rocketspincasino.com/,rocket spin no deposit bonus,sau,True,0,1,47.0,0.0
https://rocketspincasino.com/,rocket spin no deposit bonus 2025,sau,True,0,1,83.0,0.0
https://lucky7evencasino.com,lucky7even casino login,sau,True,0,1,4.0,0.0
https://lucky7evencasino.com,lucky7even casino no deposit bonus,sau,True,0,1,27.0,0.0
https://lucky7evencasino.com,luckyseven casino,sau,False,0,1,23.0,0.0
https://lucky7evencasino.com,seven casino,sau,False,0,1,20.0,0.0
https://lucky7evencasino.com,tripleseven casino,sau,False,0,1,25.0,0.0
https://lucky7evencasino.org,luck7even,sau,False,0,1,8.0,0.0
https://lucky7evencasino.org,lucky 7 casino online,sau,True,0,2,17.0,0.0
https://lucky7evencasino.org,lucky 7even,sau,True,0,1,23.0,0.0
https://lucky7evencasino.org,lucky seven casino,sau,True,0,1,47.0,0.0
https://rollero.io/,rollero,sau,True,0,10,10.6,0.0
https://rollero.io/,rollero casino,kwt,True,0,6,4.0,0.0
https://rollero.io/,rollero casino,sau,True,0,9,22.3,0.0
https://rollero.io/,rollero casino no deposit bonus,sau,True,0,3,33.0,0.0
https://rollero.io/,rollero casino online,sau,True,0,2,46.5,0.0
https://rollero.io/,rollero no deposit bonus,sau,True,0,4,34.0,0.0
https://rollero.io/,rollero no deposit bonus codes,sau,True,0,1,39.0,0.0
https://rollero.io/,rollero.com,kwt,True,0,1,28.0,0.0
https://rocketspin.io/,rocket spin,sau,True,0,2,2.5,0.0
https://rocketspin.io/,rocket spin casino,sau,True,0,16,18.5,0.0
https://rocketspin.io/,rocket spin casino no deposit bonus 2025,sau,True,0,1,52.0,0.0
https://rocketspin.io/,rocket spin no deposit bonus,sau,True,0,2,38.5,0.0
https://rocketspin.io/,rocket spins casino no deposit bonus,sau,False,0,1,14.0,0.0
https://rocketspin.io/,rocketspin casino,sau,True,0,8,3.9,0.0
https://rocketspin.io/,rocketspin casino no deposit bonus,sau,True,0,1,12.0,0.0
https://rocketspin.io/,rocketspincasino,sau,False,0,2,6.0,0.0
https://rollerocasino.com/,rollero.com,kwt,True,0,1,16.0,0.0
https://roosters.bet,rooster,sau,True,0,2,66.5,0.0
https://roosters.bet,rooster bet casino,kwt,True,0,96,10.1,0.0
https://roosters.bet,rooster bet casino,sau,True,0,101,7.9,0.0
https://roosters.bet,rooster bet casino login,kwt,True,0,1,1.0,0.0
https://roosters.bet,rooster bet casino no deposit bonus,sau,True,0,4,10.5,0.0
https://roosters.bet,rooster bet free chip,sau,True,0,1,80.0,0.0
https://roosters.bet,rooster bet no deposit bonus,kwt,True,0,1,13.0,0.0
https://rocketspincasino.com/,rocket spins casino no deposit bonus,sau,False,0,1,30.0,0.0
https://rocketspincasino.com/,rocketspin,kwt,True,0,20,5.2,0.0
https://rocketspincasino.com/,rocketspin,sau,True,0,4,6.0,0.0
https://rocketspincasino.com/,rocketspin casino,kwt,True,0,20,3.0,0.0
https://rocketspincasino.com/,rocketspin casino,sau,True,0,8,6.8,0.0
https://rocketspincasino.com/,rocketspin casino no deposit bonus,sau,True,0,4,43.2,0.0
https://rocketspincasino.com/,rocketspincasino,sau,False,0,2,8.5,0.0
https://rollero.io/,casino rollero,sau,True,0,3,21.0,0.0
https://fortuneplaycasino.net,fortuneplay casino,kwt,True,0,1,8.0,0.0
https://fortuneplaycasino.net,fortuneplay casino,sau,True,0,5,54.4,0.0
https://fortuneplaycasino.net,fortuneplay login,sau,True,0,1,8.0,0.0
https://fortuneplaycasino.net,fortuneplay no deposit bonus,sau,True,0,1,14.0,0.0
https://fortuneplaycasino.net,fortuneplay no deposit bonus codes,sau,True,0,1,22.0,0.0
https://lucky7evencasino.com,7even casino,sau,False,0,1,12.0,0.0
https://lucky7evencasino.com,casino lucky 7,kwt,True,0,2,5.0,0.0
https://fortuneplay.io,fortuneplay,kwt,True,0,21,7.3,0.0
https://fortuneplay.io,fortuneplay,sau,True,0,120,7.0,0.0
https://fortuneplay.io,fortuneplay casino,kwt,True,0,4,9.2,0.0
https://rollerocasino.com/,casino rollero,sau,True,0,2,5.5,0.0
https://rollerocasino.com/,rollero,kwt,True,0,5,6.6,0.0
https://rollerocasino.com/,rollero casino,sau,True,0,10,5.6,0.0
https://rollerocasino.com/,rollero casino no deposit bonus,sau,True,0,2,37.5,0.0
https://rollerocasino.com/,rollero no deposit bonus,sau,True,0,3,46.3,0.0
https://rollerocasino.com/,rollero no deposit bonus codes,sau,True,0,1,48.0,0.0
https://fortuneplay.casino/,fortuneplay.com,sau,True,0,3,3.0,0.0
https://fortuneplay.casino/,play fortune casino,sau,False,0,1,11.0,0.0
https://fortuneplay.io,fortune casino login,sau,True,0,3,30.0,0.0
https://fortuneplay.io,fortune casino online,kwt,False,0,1,97.0,0.0
https://fortuneplay.io,fortune play,kwt,True,0,16,7.2,0.0
https://fortuneplay.io,fortune play casino,sau,True,0,17,18.5,0.0
https://fortuneplay.io,fortune play casino no deposit bonus,sau,True,0,10,36.0,0.0
https://fortuneplay.io,fortune play no deposit bonus,sau,True,0,1,8.0,0.0
https://lucky7evencasino.com,lucky7 casino,kwt,True,0,2,7.5,0.0
https://lucky7evencasino.com,lucky7 casino,sau,True,0,11,8.5,0.0
https://lucky7evencasino.com,lucky7even bonus code,sau,True,0,1,62.0,0.0
https://lucky7evencasino.com,lucky7even bonus code no deposit,sau,True,0,1,31.0,0.0
https://fortuneplay.io,fortunplay,sau,True,0,1,8.0,0.0
https://fortuneplaycasino.net,fortune play casino,sau,True,0,6,44.5,0.0
https://fortuneplaycasino.net,fortune play casino no deposit bonus,sau,True,0,8,24.5,0.0
https://fortuneplaycasino.net,fortuneplay,sau,True,0,1,23.0,0.0
https://roostersbet.com,rooster bet no deposit bonus code,kwt,True,0,1,42.0,0.0
https://roostersbet.com,rooster bet promo code,sau,True,0,2,39.0,0.0
https://roostersbet.com,rooster bet promo code no deposit for existing players,sau,True,0,1,35.0,0.0
https://roosters.bet,rooster bet no deposit bonus code,sau,True,0,2,18.5,0.0
https://roosters.bet,rooster bet no deposit bonus codes,sau,True,0,1,30.0,0.0
https://roosters.bet,rooster bet promo code,sau,True,0,3,31.0,0.0
https://roosters.bet,rooster bet sister sites no deposit bonus,sau,True,0,1,45.0,0.0
https://roosters.bet,rooster casino,sau,True,0,18,9.1,0.0
https://roosters.bet,rooster casino no deposit bonus,kwt,True,0,1,14.0,0.0
https://roosters.bet,rooster casino no deposit bonus,sau,True,0,1,16.0,0.0
https://roosters.bet,rooster casino promotions,sau,True,0,1,42.0,0.0
https://roosters.bet,rooster gambling,sau,True,0,2,2.0,0.0
https://roosters.bet,rooster no deposit bonus codes,sau,True,0,2,26.5,0.0
https://roosters.bet,rooster volt casino,sau,True,0,2,4.0,0.0
https://roosters.bet,roosters casino,sau,True,0,1,2.0,0.0
https://roosters.bet,rooster bet no deposit bonus code,kwt,True,0,1,24.0,0.0
https://fortuneplay.casino/,fortune play casino no deposit bonus,sau,True,0,14,26.2,0.0
https://fortuneplay.casino/,fortune play no deposit bonus,sau,True,0,1,10.0,0.0
https://fortuneplay.casino/,fortuneplay login,sau,True,0,1,2.0,0.0
https://fortuneplay.casino/,fortuneplay no deposit bonus,sau,True,0,4,26.5,0.0
https://roosters.bet,roster bet,sau,True,0,5,2.0,0.0
https://roosters.bet,roster casino,sau,True,0,1,2.0,0.0
https://roosters.bet,rosterbet,sau,True,0,5,2.4,0.0
https://roosters.bet,the rooster,sau,True,0,1,75.0,0.0
https://roosters.bet,روستر بت,kwt,True,0,7,2.9,0.0
https://roosters.bet,روستر بت,sau,True,0,7,2.1,0.0
https://roostersbet.com,rooster,sau,True,0,1,78.0,0.0
https://roostersbet.com,rooster bet casino,kwt,True,0,111,14.6,0.0
https://roostersbet.com,rooster bet casino login,kwt,True,0,1,3.0,0.0
https://roostersbet.com,rooster bet casino no deposit bonus,sau,True,0,3,18.7,0.0
https://roostersbet.com,rooster bet casino no deposit codes,kwt,True,0,1,27.0,0.0
https://roostersbet.com,rooster bet no deposit bonus,sau,True,0,1,27.0,0.0
https://roostersbet.com,roostervolt casino,kwt,False,0,2,7.0,0.0
https://roostersbet.com,roostervolt casino,sau,False,0,2,2.0,0.0
https://roostersbet.com,roster bet,kwt,True,0,22,5.8,0.0
https://roostersbet.com,roster bet,sau,True,0,4,3.8,0.0
https://roostersbet.com,rosterbet,sau,True,0,5,2.6,0.0
https://roostersbet.com,روستر بت,kwt,True,0,3,2.7,0.0
https://roostersbet.com,روستر بت,sau,True,0,5,3.6,0.0
https://roostersbet.com,rooster casino bonus,sau,True,0,1,18.0,0.0
https://roostersbet.com,rooster casino login,sau,True,0,1,3.0,0.0
https://roostersbet.com,rooster casino no deposit bonus,kwt,True,0,1,20.0,0.0
https://roostersbet.com,rooster casino no deposit bonus,sau,True,0,1,67.0,0.0
https://fortuneplay.casino/,fortune casino login,sau,True,0,7,27.0,0.0
https://fortuneplay.casino/,fortune casino online,kwt,False,0,1,91.0,0.0
https://fortuneplay.casino/,fortune play,sau,True,0,11,10.1,0.0
https://fortuneplay.casino/,fortune play casino,sau,True,0,24,19.0,0.0
https://fortuneplay.casino/,fortune play casino bonus codes,sau,True,0,1,4.0,0.0
https://spinsupcasino.com/,spinup casino,sau,False,0,3,2.7,0.0
https://spinsupcasino.com/,كازينو spinsup,kwt,True,0,78,4.6,0.0
https://spinsupcasino.com/,كازينو spinsup,sau,True,0,180,4.8,0.0
https://www.casinoluckyvibe.com,lucky vibe,kwt,True,0,15,7.1,0.0
https://www.casinoluckyvibe.com,lucky vibe,sau,True,0,1,11.0,0.0
https://www.casinoluckyvibe.com,lucky vibe casino,kwt,True,0,3,11.3,0.0
https://www.casinoluckyvibe.com,lucky vibe casino,sau,True,0,7,17.7,0.0
https://www.casinoluckyvibe.com,lucky vibe casino login,sau,True,0,1,5.0,0.0
https://www.casinoluckyvibe.com,luckyvibe,kwt,True,0,19,9.7,0.0
https://fortuneplay.casino/,fortuneplay no deposit bonus codes,sau,True,0,1,56.0,0.0
https://roostersbet.com,rooster casino promotions,sau,True,0,1,22.0,0.0
https://roostersbet.com,rooster gambling,sau,True,0,2,5.5,0.0
https://roostersbet.com,rooster.bet,kwt,True,0,14,4.2,0.0
https://roostersbet.com,rooster.bet no deposit bonus,sau,True,0,1,52.0,0.0
https://roostersbet.com,roosterbet casino,kwt,True,0,1,1.0,0.0
https://roostersbet.com,roosters casino,sau,True,0,1,7.0,0.0
https://www.casinorocketspin.com/,rocketspin,kwt,True,0,10,6.0,0.0
https://www.casinorocketspin.com/,rocketspin,sau,True,0,3,4.7,0.0
https://www.casinorocketspin.com/,rocketspin casino,kwt,True,0,13,6.7,0.0
https://www.casinorocketspin.com/,rocketspin casino,sau,True,0,9,9.6,0.0
https://www.casinorocketspin.com/,rocketspincasino,sau,False,0,1,5.0,0.0
https://www.casinorocketspin.com/,roketspin,kwt,False,0,4,2.0,0.0
https://www.casinorollero.com/,casino rollero,sau,True,0,4,15.2,0.0
https://www.casinorollero.com/,rollero,kwt,True,0,2,6.5,0.0
https://www.casinorollero.com/,rollero,sau,True,0,3,38.3,0.0
https://spinsupcasino.com/,spin up casino,sau,True,0,5,6.6,0.0
https://spinsupcasino.com/,spin up casino no deposit bonus,sau,True,0,1,40.0,0.0
https://spinsupcasino.com/,spins up,sau,True,0,2,5.5,0.0
https://spinsupcasino.com/,spinsup,kwt,True,0,4,3.0,0.0
https://spinsupcasino.com/,spinsup,sau,True,0,13,9.1,0.0
https://spinsupcasino.com/,spinsup casino,sau,True,0,4,7.5,0.0
https://spinsupcasino.com/,spinsup casino login,kwt,True,0,1,3.0,0.0
https://www.casinospinjo.com,spinjo,kwt,True,0,14,5.9,0.0
https://www.casinospinjo.com,spinjo,sau,True,0,5,19.0,0.0
https://www.casinospinjo.com,spinjo casino,sau,True,0,14,17.9,0.0
https://www.casinospinjo.com,spinjo casino erfahrungen,sau,True,0,1,38.0,0.0
https://www.casinospinjo.com,spinjo casino login,sau,True,0,1,24.0,0.0
https://www.casinospinjo.com,spinjo casino promo code,sau,True,0,1,33.0,0.0
https://www.casinospinjo.com,spinjocasino,kwt,False,0,3,6.7,0.0
https://www.casinospinjo.com,spinjoy casino,sau,False,0,1,18.0,0.0
https://www.casinospinjo.com,كازينو playmojo,sau,True,0,1,84.0,0.0
https://www.casinoluckyvibe.com,luckyvibe,sau,True,0,2,7.5,0.0
https://www.casinoluckyvibe.com,luckyvibe bet,kwt,True,0,10,8.9,0.0
https://www.casinoluckyvibe.com,luckyvibe casino,kwt,True,0,8,8.6,0.0
https://www.casinoluckyvibe.com,luckyvibe casino,sau,True,0,5,7.4,0.0
https://www.casinorocketspin.com/,rocket spin,sau,True,0,1,13.0,0.0
https://www.casinorocketspin.com/,rocket spin casino,kwt,True,0,3,6.7,0.0
https://www.casinorocketspin.com/,rocket spin casino,sau,True,0,8,12.0,0.0
https://www.luckyvibe.io/,lucky vibes,sau,False,0,2,6.5,0.0
https://www.luckyvibe.io/,luckyvibe,sau,True,0,2,2.0,0.0
https://www.luckyvibe.io/,luckyvibe casino,sau,True,0,5,2.8,0.0
https://www.luckyvibe.io/,slot vibe,sau,False,0,1,22.0,0.0
https://www.luckyvibe.io/,vibe casino,sau,False,0,2,27.5,0.0
https://www.luckyvibecasino.com,casino vibes,sau,False,0,1,70.0,0.0
https://www.luckyvibecasino.com,lucky vibe,sau,True,0,2,2.5,0.0
https://www.luckyvibecasino.com,lucky vibe casino,sau,True,0,8,4.0,0.0
https://www.luckyvibecasino.com,lucky vibe casino login,sau,True,0,2,16.5,0.0
https://www.luckyvibecasino.com,lucky vibe casino no deposit bonus,sau,True,0,1,11.0,0.0
https://www.casinorollero.com/,rollero casino,kwt,True,0,5,6.0,0.0
https://www.casinorollero.com/,rollero casino,sau,True,0,4,10.8,0.0
https://www.casinorollero.com/,rollero casino no deposit bonus,sau,True,0,2,36.0,0.0
https://www.casinorollero.com/,rollero casino online,sau,True,0,1,14.0,0.0
https://www.casinorollero.com/,rollero casino promo code,sau,True,0,1,36.0,0.0
https://www.casinorollero.com/,rollero online casino,sau,True,0,1,67.0,0.0
https://casinoroosters.com,roster bet,sau,True,0,1,3.0,0.0
https://casinoroosters.com,روستر بت,sau,True,0,3,8.7,0.0
https://casinospinsup.com/,spin up casino,sau,True,0,2,39.0,0.0
https://casinospinsup.com/,spinsup,sau,True,0,4,18.0,0.0
https://casinospinsup.com/,spinsup casino,kwt,True,0,3,6.7,0.0
https://casinospinsup.com/,spinsup casino,sau,True,0,1,17.0,0.0
https://www.playmojo.io/,playmogo downloader,kwt,True,0,1,7.0,0.0
https://www.playmojo.io/,playmogo downloader,sau,True,0,4,9.2,0.0
https://www.playmojo.io/,playmogo links,sau,True,0,2,1.5,0.0
https://www.playmojo.io/,playmogo xxx,sau,True,0,1,3.0,0.0
https://www.playmojo.io/,playmogo.,kwt,True,0,1,2.0,0.0
https://www.luckyvibe.io/,lucky vibe,sau,True,0,2,3.5,0.0
https://www.luckyvibe.io/,lucky vibe casino,kwt,True,0,4,7.5,0.0
https://www.luckyvibe.io/,lucky vibe casino,sau,True,0,12,15.0,0.0
https://www.luckyvibe.io/,lucky vibe casino login,sau,True,0,1,3.0,0.0
https://www.luckyvibe.io/,lucky vibe casino no deposit bonus,sau,True,0,1,13.0,0.0
https://www.luckyvibecasino.com,vibe casino,sau,False,0,2,17.0,0.0
https://www.playmojo.io/,https://playmogo.com,kwt,True,0,1,2.0,0.0
https://www.playmojo.io/,mojo casino,sau,False,0,3,19.0,0.0
https://www.playmojo.io/,play mojo,kwt,True,0,3,3.0,0.0
https://www.playmojo.io/,play mojo casino,kwt,True,0,6,3.0,0.0
https://www.playmojo.io/,play mojo casino,sau,True,0,6,7.2,0.0
https://www.playmojo.io/,playmogo download,sau,True,0,2,7.5,0.0
https://lucky7evencasino.com,luck7even,sau,False,0,1,4.0,0.0
https://lucky7evencasino.com,lucky 7 casino,kwt,True,0,1,5.0,0.0
https://lucky7evencasino.com,lucky 7 casino,sau,True,0,1,7.0,0.0
https://lucky7evencasino.com,lucky 7 casino bonus codes,sau,True,0,2,58.5,0.0
https://lucky7evencasino.com,lucky 7 casino en ligne,sau,True,0,1,28.0,0.0
https://www.spinjo.io,spinjo casino login,sau,True,0,1,25.0,0.0
https://casinoroosters.com,roosters casino,sau,True,0,1,4.0,0.0
https://casinoroosters.com,roostervolt casino,kwt,False,0,1,2.0,0.0
https://casinoroosters.com,roostervolt casino,sau,False,0,2,4.5,0.0
https://www.playmojo.io/,playmogo.com,sau,True,0,9,9.9,0.0
https://www.playmojo.io/,playmojo,sau,True,0,50,8.8,0.0
https://www.playmojo.io/,playmojo casino,sau,True,0,5,10.4,0.0
https://www.playmojo.io/,playmojo.com,kwt,True,0,1,2.0,0.0
https://www.playmojo.io/,what is playmogo.com,sau,True,0,1,3.0,0.0
https://www.playmojo.io/,كازينو playmojo,kwt,True,0,98,7.3,0.0
https://www.playmojo.io/,كازينو playmojo,sau,True,0,232,6.5,0.0
https://www.playmojocasino.com/,https://playmogo.com,kwt,True,0,1,4.0,0.0
https://www.playmojocasino.com/,mojo casino,sau,False,0,3,5.0,0.0
https://www.playmojocasino.com/,play mojo,kwt,True,0,10,5.7,0.0
https://www.playmojocasino.com/,play mojo,sau,True,0,4,23.5,0.0
https://www.playmojocasino.com/,play mojo casino,kwt,True,0,6,2.0,0.0
https://www.playmojocasino.com/,play mojo casino,sau,True,0,6,3.7,0.0
https://www.playmojocasino.com/,playmogo,sau,True,0,4,5.2,0.0
https://www.playmojocasino.com/,playmogo.com,sau,True,0,1,17.0,0.0
https://www.luckyvibecasino.com,luckyvibe,sau,True,0,2,3.5,0.0
https://casinospinsup.com/,كازينو spinsup,kwt,True,0,51,7.0,0.0
https://www.spinsup.io/,spin up,sau,True,0,3,36.0,0.0
https://www.spinsup.io/,spin up casino,sau,True,0,10,13.9,0.0
https://www.spinsup.io/,spins up,kwt,True,0,1,2.0,0.0
https://www.spinsup.io/,spins up,sau,True,0,3,2.0,0.0
https://www.spinsup.io/,spins up casino,sau,True,0,1,2.0,0.0
https://www.spinsup.io/,spinsup,kwt,True,0,6,2.0,0.0
https://www.spinsup.io/,كازينو spinsup,sau,True,0,254,2.9,0.0
https://www.spinsup.io/,spinsup casino,sau,True,0,5,6.2,0.0
https://casinoplaymojo.com/,كازينو playmojo,sau,True,0,3,7.0,0.0
https://casinoroosters.com,rooster bet casino,kwt,True,0,53,13.1,0.0
https://www.spinjocasino.com,spinjo casino erfahrungen,sau,True,0,1,36.0,0.0
https://www.spinjocasino.com,spinjo casino login,sau,True,0,1,28.0,0.0
https://www.spinjocasino.com,spinjo.com,sau,True,0,1,2.0,0.0
https://www.spinjocasino.com,spinjocasino,kwt,False,0,4,2.0,0.0
https://www.spinjocasino.com,كازينو playmojo,sau,True,0,1,89.0,0.0
https://www.spinsup.io/,كازينو spinsup,kwt,True,0,119,3.5,0.0
https://fortuneplay.io,fortuneplay no deposit bonus,sau,True,0,3,24.7,0.0
https://fortuneplay.io,fortuneplay.com,sau,True,0,3,2.0,0.0
https://fortuneplay.io,fortunplay,kwt,True,0,4,4.0,0.0
https://fortuneplay.casino/,fortune casino,sau,False,0,1,3.0,0.0
https://www.spinjo.io,spinjo casino no deposit bonus,kwt,True,0,1,11.0,0.0
https://www.spinjo.io,spinjo casino promo code,sau,True,0,1,38.0,0.0
https://www.spinjo.io,spinjo.com,sau,True,0,1,3.0,0.0
https://www.spinjo.io,spinjocasino,kwt,False,0,4,3.0,0.0
https://www.spinjo.io,spinjoy casino,sau,False,0,3,11.3,0.0
https://www.spinjo.io,spinjoys casino,sau,False,0,1,5.0,0.0
https://www.spinjocasino.com,jo casino,sau,False,0,1,55.0,0.0
https://www.spinjocasino.com,sapinjo,sau,False,0,1,2.0,0.0
https://www.spinjocasino.com,spinjo,sau,True,0,4,17.5,0.0
https://www.spinjocasino.com,spinjo casino,sau,True,0,13,3.7,0.0
https://casinospinsup.com/,spinsup casino login,kwt,True,0,1,6.0,0.0
