site,keyword,country,clicks,impressions,ctr,avg_position
https://rocketspincasino.com/,vip casino,KWT,343,2704,12.72,4.0
https://roostersbet.com,no deposit bonus,SAU,333,2563,13.03,3.5
https://rollerocasino.com/,slot games,SAU,309,2461,12.56,1.6
https://rollerocasino.com/,ربح المال,KWT,282,2539,11.14,3.0
https://lucky7evencasino.com,fast withdrawal casino,KWT,275,2765,9.96,10.4
https://www.playmojocasino.com/,poker online,KWT,268,2945,9.12,4.3
https://lucky7evencasino.com,real money casino,KWT,266,2021,13.19,2.2
https://rollerocasino.com/,casino review,SAU,265,2847,9.31,9.9
https://roostersbet.com,casino games online,SAU,263,2915,9.03,11.0
https://lucky7evencasino.com,casino welcome bonus,KWT,262,2228,11.77,5.9
https://fortuneplaycasino.net,high roller casino,KWT,256,2195,11.67,6.8
https://www.luckyvibecasino.com,افضل كازينو,SAU,256,2279,11.26,5.8
https://roostersbet.com,casino deposit bonus,KWT,251,2027,12.42,5.0
https://lucky7evencasino.com,no deposit bonus,SAU,243,2674,9.11,3.9
https://rollerocasino.com/,crypto casino,KWT,236,2426,9.74,11.5
https://roostersbet.com,sports betting,SAU,234,2684,8.75,10.5
https://rollerocasino.com/,no deposit bonus,KWT,226,2332,9.72,8.4
https://roostersbet.com,free spins,SAU,223,2446,9.15,10.5
https://www.spinjo.io,casino review,SAU,220,2631,8.37,10.8
https://roostersbet.com,casino deposit bonus,SAU,220,2672,8.24,12.9
https://www.spinsup.io/,live casino,SAU,217,1823,11.94,4.8
https://www.luckyvibecasino.com,casino jackpot,KWT,212,2593,8.2,5.0
https://www.playmojocasino.com/,online slots,SAU,206,2689,7.67,7.8
https://lucky7evencasino.com,sports betting,SAU,204,1878,10.87,1.6
https://rocketspincasino.com/,blackjack online,SAU,198,2902,6.83,9.2
https://www.spinjo.io,high roller casino,KWT,192,2986,6.46,7.0
https://www.spinsup.io/,mobile casino,SAU,189,2245,8.44,14.1
https://rocketspincasino.com/,casino games online,SAU,189,2780,6.83,4.2
https://www.luckyvibecasino.com,sports betting,KWT,184,1801,10.23,10.7
https://roostersbet.com,online slots,KWT,183,2034,9.02,4.0
https://lucky7evencasino.com,sports betting,KWT,178,2967,6.0,10.3
https://lucky7evencasino.com,casino review,KWT,178,2581,6.92,11.5
https://rocketspincasino.com/,كازينو عربي,KWT,177,2393,7.41,16.5
https://rollerocasino.com/,sports betting,KWT,177,2374,7.48,11.4
https://lucky7evencasino.com,blackjack online,KWT,175,2704,6.48,18.2
https://roostersbet.com,fast withdrawal casino,SAU,173,2469,7.01,2.8
https://rocketspincasino.com/,no deposit bonus,SAU,172,1661,10.37,3.8
https://rollerocasino.com/,online gambling,SAU,171,2302,7.44,13.8
https://www.spinjo.io,casino free spins,KWT,170,2787,6.13,8.7
https://www.playmojocasino.com/,casino promo code,SAU,169,2309,7.34,14.1
https://roostersbet.com,crypto casino,KWT,169,1397,12.13,2.5
https://lucky7evencasino.com,roulette online,KWT,168,1502,11.2,8.8
https://www.playmojocasino.com/,casino review,SAU,167,2967,5.66,9.5
https://roostersbet.com,high roller casino,KWT,166,2553,6.51,9.1
https://rocketspincasino.com/,casino bonus,SAU,165,2298,7.22,13.8
https://fortuneplaycasino.net,online casino,SAU,163,2291,7.13,11.5
https://roostersbet.com,instant casino,SAU,162,2274,7.13,12.6
https://www.luckyvibecasino.com,blackjack online,SAU,159,2824,5.65,17.1
https://www.spinjo.io,real money casino,KWT,157,2087,7.56,15.8
https://www.spinjo.io,مكافأة ترحيبية,KWT,156,1572,9.93,10.8
https://www.spinsup.io/,best online casino,KWT,156,2475,6.33,18.5
https://roostersbet.com,vip casino,SAU,155,2969,5.24,15.1
https://lucky7evencasino.com,casino promo code,SAU,154,1574,9.82,10.5
https://www.luckyvibecasino.com,casino bonus,KWT,152,1758,8.68,4.1
https://rocketspincasino.com/,crypto casino,SAU,152,1350,11.33,7.3
https://www.luckyvibecasino.com,casino slots,SAU,148,2909,5.09,17.2
https://www.spinsup.io/,slot games,SAU,147,2681,5.52,4.2
https://rollerocasino.com/,online slots,KWT,147,2414,6.09,14.3
https://rocketspincasino.com/,كازينو عربي,SAU,147,2592,5.7,18.1
https://www.playmojocasino.com/,best casino bonuses,SAU,146,2551,5.73,5.9
https://www.luckyvibecasino.com,vip casino,KWT,145,2181,6.67,15.7
https://rollerocasino.com/,fast withdrawal casino,KWT,145,2221,6.54,6.0
https://rollerocasino.com/,casino games online,KWT,144,2232,6.49,15.5
https://www.playmojocasino.com/,high roller casino,SAU,143,1505,9.52,11.8
https://rollerocasino.com/,casino promo code,KWT,143,1144,12.56,1.8
https://rollerocasino.com/,roulette online,SAU,141,1505,9.42,4.8
https://rollerocasino.com/,casino bonus,SAU,141,2891,4.89,11.6
https://fortuneplaycasino.net,best casino bonuses,KWT,140,1652,8.51,12.5
https://www.spinsup.io/,sports betting,SAU,140,1588,8.87,9.3
https://www.luckyvibecasino.com,casino games online,SAU,139,2357,5.93,15.5
https://rocketspincasino.com/,best casino bonuses,SAU,139,2368,5.9,15.0
https://www.spinjo.io,كازينو عربي,KWT,139,2885,4.83,10.1
https://www.luckyvibecasino.com,كازينو مجاني,SAU,139,2632,5.3,7.3
https://roostersbet.com,best casino bonuses,KWT,138,2987,4.65,21.3
https://www.spinjo.io,casino free spins,SAU,135,2701,5.02,12.3
https://www.spinsup.io/,roulette online,KWT,135,1712,7.92,3.3
https://www.luckyvibecasino.com,العاب قمار اونلاين,SAU,134,2272,5.94,19.7
https://rocketspincasino.com/,casino bonus,KWT,133,2371,5.61,9.1
https://www.luckyvibecasino.com,crypto casino,KWT,133,1520,8.77,13.6
https://www.spinsup.io/,casino slots,KWT,132,1719,7.73,12.9
https://www.luckyvibecasino.com,instant casino,SAU,132,2370,5.59,6.1
https://lucky7evencasino.com,vip casino,SAU,131,2514,5.25,8.2
https://lucky7evencasino.com,casino slots,KWT,131,2845,4.63,8.2
https://lucky7evencasino.com,casino promo code,KWT,130,2838,4.61,20.2
https://fortuneplaycasino.net,crypto casino,KWT,130,2698,4.82,19.2
https://www.spinjo.io,free spins,KWT,128,2309,5.58,21.4
https://lucky7evencasino.com,roulette online,SAU,126,2414,5.23,15.9
https://www.spinjo.io,casino deposit bonus,KWT,126,1656,7.61,9.7
https://www.luckyvibecasino.com,casino review,SAU,125,1945,6.43,3.0
https://roostersbet.com,casino review,SAU,125,2580,4.87,21.3
https://lucky7evencasino.com,casino app,KWT,125,2594,4.83,22.2
https://www.playmojocasino.com/,fast withdrawal casino,SAU,125,1603,7.82,11.0
https://fortuneplaycasino.net,slot games,KWT,122,2240,5.47,3.5
https://rocketspincasino.com/,casino review,SAU,121,2344,5.2,21.5
https://www.spinjo.io,poker online,KWT,121,1964,6.19,16.6
https://lucky7evencasino.com,casino free spins,SAU,120,2107,5.74,18.0
https://fortuneplaycasino.net,casino welcome bonus,KWT,119,1452,8.21,11.7
https://rocketspincasino.com/,العاب قمار اونلاين,SAU,118,2332,5.08,23.0
https://roostersbet.com,casino bonus,SAU,118,2672,4.44,6.5
https://www.luckyvibecasino.com,slot games,KWT,118,2845,4.15,16.4
https://www.luckyvibecasino.com,best online casino,SAU,116,2174,5.34,19.7
https://rollerocasino.com/,العاب كازينو,KWT,116,1106,10.54,3.3
https://www.luckyvibecasino.com,high roller casino,KWT,116,2140,5.45,14.5
https://lucky7evencasino.com,casino games online,KWT,116,2728,4.26,9.1
https://www.luckyvibecasino.com,free spins,KWT,114,1221,9.37,8.3
https://rocketspincasino.com/,casino jackpot,KWT,112,1702,6.6,13.3
https://www.luckyvibecasino.com,casino deposit bonus,KWT,111,2464,4.52,19.5
https://www.luckyvibecasino.com,no deposit bonus,KWT,111,1778,6.29,1.6
https://www.playmojocasino.com/,crypto casino,KWT,111,1812,6.16,3.0
https://lucky7evencasino.com,slot games,KWT,111,1576,7.1,10.8
https://www.luckyvibecasino.com,online casino,KWT,110,1539,7.15,14.0
https://www.spinjo.io,casino welcome bonus,KWT,107,1885,5.7,15.4
https://rollerocasino.com/,casino deposit bonus,KWT,107,2790,3.87,25.8
https://rollerocasino.com/,casino free spins,KWT,106,2024,5.24,22.1
https://roostersbet.com,live casino,SAU,106,1258,8.43,2.0
https://fortuneplaycasino.net,blackjack online,SAU,105,2953,3.58,12.0
https://fortuneplaycasino.net,poker online,KWT,104,1304,7.99,16.1
https://rocketspincasino.com/,casino jackpot,SAU,104,2320,4.5,20.3
https://fortuneplaycasino.net,instant casino,SAU,104,2286,4.58,6.7
https://rocketspincasino.com/,real money casino,SAU,104,2474,4.22,3.3
https://www.playmojocasino.com/,vip casino,KWT,102,2766,3.7,15.7
https://www.luckyvibecasino.com,casino app,SAU,101,1057,9.61,2.7
https://roostersbet.com,roulette online,KWT,100,1225,8.2,8.9
https://lucky7evencasino.com,casino deposit bonus,KWT,99,1703,5.87,17.1
https://fortuneplaycasino.net,casino welcome bonus,SAU,99,931,10.67,8.2
https://fortuneplaycasino.net,online slots,SAU,99,1112,8.96,6.8
https://www.spinsup.io/,high roller casino,SAU,99,1053,9.48,12.3
https://www.spinsup.io/,casino bonus,SAU,98,1581,6.26,14.4
https://rollerocasino.com/,بونص كازينو,SAU,98,2718,3.64,19.0
https://rocketspincasino.com/,poker online,KWT,97,1783,5.47,7.4
https://rocketspincasino.com/,ربح المال,KWT,96,2606,3.72,11.6
https://rocketspincasino.com/,live casino,SAU,96,2799,3.44,21.4
https://lucky7evencasino.com,العاب كازينو,SAU,95,2778,3.45,23.4
https://rollerocasino.com/,best online casino,SAU,94,1518,6.22,19.3
https://fortuneplaycasino.net,mobile casino,KWT,93,2391,3.91,21.4
https://lucky7evencasino.com,poker online,KWT,92,1413,6.52,5.2
https://roostersbet.com,casino slots,KWT,91,1078,8.49,12.9
https://www.spinjo.io,no deposit bonus,KWT,88,1736,5.12,19.5
https://www.luckyvibecasino.com,casino app,KWT,88,1191,7.46,13.5
https://www.spinjo.io,casino welcome bonus,SAU,87,1966,4.45,22.0
https://www.spinjo.io,best casino bonuses,SAU,87,1689,5.16,12.6
https://rollerocasino.com/,fast withdrawal casino,SAU,86,2037,4.27,5.4
https://fortuneplaycasino.net,live casino,KWT,86,2562,3.37,26.6
https://roostersbet.com,crypto casino,SAU,84,1923,4.4,20.6
https://rollerocasino.com/,crypto casino,SAU,84,667,12.66,4.0
https://lucky7evencasino.com,free spins,KWT,83,1398,5.97,4.9
https://rocketspincasino.com/,live casino,KWT,83,1283,6.53,3.0
https://rollerocasino.com/,casino jackpot,SAU,83,2290,3.65,8.4
https://www.spinsup.io/,best online casino,SAU,83,2277,3.67,6.3
https://www.playmojocasino.com/,casino bonus,KWT,82,1819,4.51,19.1
https://www.luckyvibecasino.com,roulette online,KWT,82,1508,5.47,18.7
https://www.spinjo.io,instant casino,KWT,82,1395,5.88,12.2
https://rollerocasino.com/,كازينو بالعربي,SAU,82,734,11.29,5.2
https://roostersbet.com,online gambling,SAU,81,2974,2.74,8.0
https://lucky7evencasino.com,casino app,SAU,80,1570,5.13,4.1
https://www.spinjo.io,live casino,KWT,80,1911,4.21,7.6
https://lucky7evencasino.com,fast withdrawal casino,SAU,80,1514,5.31,6.9
https://www.spinsup.io/,casino welcome bonus,KWT,77,1105,6.98,12.8
https://roostersbet.com,online casino,KWT,77,2287,3.38,19.3
https://www.spinjo.io,real money casino,SAU,77,1832,4.22,22.0
https://www.luckyvibecasino.com,blackjack online,KWT,76,2607,2.94,7.6
https://www.luckyvibecasino.com,online slots,SAU,75,1381,5.45,6.0
https://lucky7evencasino.com,casino bonus,SAU,74,2653,2.82,16.9
https://fortuneplaycasino.net,best casino bonuses,SAU,74,952,7.86,9.0
https://fortuneplaycasino.net,sports betting,KWT,74,1063,7.01,3.0
https://rocketspincasino.com/,instant casino,SAU,74,1138,6.51,8.7
https://rollerocasino.com/,best casino bonuses,SAU,73,1165,6.31,2.6
https://rocketspincasino.com/,casino app,KWT,72,2533,2.88,24.1
https://lucky7evencasino.com,live casino,SAU,71,2771,2.57,23.3
https://www.spinsup.io/,online casino,SAU,71,1199,5.95,16.2
https://www.luckyvibecasino.com,poker online,SAU,70,1555,4.56,9.0
https://www.spinjo.io,no deposit bonus,SAU,69,1460,4.75,11.5
https://fortuneplaycasino.net,crypto casino,SAU,69,1259,5.51,22.0
https://www.spinsup.io/,poker online,KWT,69,2226,3.12,17.7
https://roostersbet.com,slot games,KWT,69,2069,3.38,19.6
https://lucky7evencasino.com,كازينو عربي,KWT,67,1857,3.61,6.2
https://www.spinjo.io,sports betting,KWT,67,1633,4.16,21.3
https://www.luckyvibecasino.com,no deposit bonus,SAU,66,2375,2.81,9.6
https://rocketspincasino.com/,casino slots,SAU,66,2110,3.13,22.7
https://rollerocasino.com/,casino app,SAU,66,1541,4.31,5.1
https://rocketspincasino.com/,casino games online,KWT,66,1756,3.81,17.8
https://roostersbet.com,casino jackpot,KWT,65,1944,3.39,11.3
https://www.spinsup.io/,vip casino,KWT,65,2273,2.9,2.7
https://www.spinjo.io,مكافأة ترحيبية,SAU,64,1360,4.71,8.6
https://rollerocasino.com/,كازينو بالعربي,KWT,64,559,11.57,2.0
https://roostersbet.com,poker online,SAU,63,1279,4.94,21.4
https://www.spinsup.io/,casino review,SAU,63,1317,4.83,22.5
https://lucky7evencasino.com,poker online,SAU,63,2219,2.84,26.7
https://www.luckyvibecasino.com,best online casino,KWT,63,2099,3.01,20.1
https://rollerocasino.com/,online casino,KWT,63,842,7.49,5.9
https://www.luckyvibecasino.com,online gambling,SAU,62,2705,2.32,12.6
https://rollerocasino.com/,best online casino,KWT,62,693,9.05,10.1
https://fortuneplaycasino.net,real money casino,SAU,62,1163,5.35,13.3
https://rocketspincasino.com/,best online casino,KWT,62,1804,3.47,21.2
https://rocketspincasino.com/,fast withdrawal casino,KWT,62,1535,4.1,11.9
https://rocketspincasino.com/,casino free spins,KWT,61,1768,3.49,12.0
https://www.spinjo.io,casino bonus,KWT,61,2739,2.23,22.7
https://fortuneplaycasino.net,best online casino,KWT,60,1106,5.44,5.9
https://www.spinsup.io/,instant casino,SAU,60,2570,2.37,26.8
https://www.luckyvibecasino.com,live casino,KWT,60,1739,3.49,22.9
https://fortuneplaycasino.net,casino free spins,KWT,59,1829,3.24,20.0
https://www.spinjo.io,كازينو بالعربي,KWT,59,2689,2.21,2.8
https://www.luckyvibecasino.com,fast withdrawal casino,KWT,59,2508,2.37,24.2
https://www.luckyvibecasino.com,online gambling,KWT,59,1527,3.89,16.1
https://lucky7evencasino.com,live casino,KWT,58,2139,2.75,16.6
https://www.playmojocasino.com/,best casino bonuses,KWT,58,684,8.62,7.6
https://rollerocasino.com/,online casino,SAU,58,1228,4.78,12.4
https://www.luckyvibecasino.com,casino welcome bonus,SAU,58,2031,2.88,8.2
https://rocketspincasino.com/,casino welcome bonus,KWT,57,1115,5.16,2.5
https://roostersbet.com,casino welcome bonus,KWT,57,1264,4.57,4.4
https://lucky7evencasino.com,casino welcome bonus,SAU,57,994,5.75,10.8
https://www.luckyvibecasino.com,crypto casino,SAU,57,537,10.8,3.8
https://rocketspincasino.com/,fast withdrawal casino,SAU,55,1560,3.56,15.6
https://www.playmojocasino.com/,casino app,SAU,55,2707,2.05,24.9
https://roostersbet.com,blackjack online,SAU,55,2464,2.27,11.0
https://www.spinjo.io,high roller casino,SAU,54,1396,3.92,23.9
https://fortuneplaycasino.net,online casino,KWT,54,570,9.54,10.4
https://lucky7evencasino.com,casino games online,SAU,53,2384,2.25,7.9
https://fortuneplaycasino.net,fast withdrawal casino,SAU,53,1737,3.07,23.5
https://rocketspincasino.com/,casino review,KWT,53,657,8.08,6.8
https://www.spinsup.io/,poker online,SAU,52,2723,1.92,17.9
https://roostersbet.com,poker online,KWT,52,1202,4.35,16.2
https://lucky7evencasino.com,online slots,SAU,52,2010,2.61,28.8
https://rollerocasino.com/,كازينو مجاني,SAU,52,2174,2.4,5.3
https://www.luckyvibecasino.com,slot games,SAU,52,1846,2.87,21.7
https://www.playmojocasino.com/,real money casino,SAU,51,1510,3.41,14.0
https://lucky7evencasino.com,crypto casino,SAU,51,2919,1.76,22.6
https://www.playmojocasino.com/,كازينو بالعربي,KWT,51,1911,2.67,27.3
https://roostersbet.com,high roller casino,SAU,51,2305,2.23,27.1
https://roostersbet.com,slot games,SAU,51,1265,4.11,24.9
https://rollerocasino.com/,online slots,SAU,51,1529,3.38,24.0
https://roostersbet.com,best casino bonuses,SAU,50,804,6.23,8.7
https://www.luckyvibecasino.com,free spins,SAU,50,2952,1.7,27.5
https://rocketspincasino.com/,mobile casino,KWT,50,1995,2.53,9.0
https://lucky7evencasino.com,best online casino,KWT,49,1583,3.12,21.5
https://lucky7evencasino.com,mobile casino,SAU,49,2358,2.09,20.8
https://rollerocasino.com/,casino slots,SAU,49,1463,3.35,8.8
https://rollerocasino.com/,best casino bonuses,KWT,49,1836,2.69,16.4
https://www.spinsup.io/,online gambling,KWT,48,678,7.08,12.5
https://www.spinsup.io/,online casino,KWT,48,517,9.46,2.5
https://www.playmojocasino.com/,online slots,KWT,47,2073,2.28,6.6
https://lucky7evencasino.com,casino jackpot,SAU,47,1279,3.74,9.5
https://www.playmojocasino.com/,instant casino,SAU,47,2230,2.12,29.5
https://www.luckyvibecasino.com,العاب ربحية,KWT,47,1329,3.56,23.9
https://roostersbet.com,online slots,SAU,47,1976,2.42,5.3
https://www.luckyvibecasino.com,casino bonus,SAU,46,2146,2.16,10.4
https://roostersbet.com,casino promo code,SAU,46,1184,3.93,17.2
https://lucky7evencasino.com,free spins,SAU,46,1413,3.32,10.8
https://rocketspincasino.com/,mobile casino,SAU,45,2387,1.89,18.5
https://www.spinjo.io,online slots,KWT,45,880,5.21,15.9
https://fortuneplaycasino.net,roulette online,KWT,45,2763,1.65,30.4
https://fortuneplaycasino.net,casino games online,KWT,44,751,5.96,20.9
https://lucky7evencasino.com,best online casino,SAU,44,2807,1.57,15.6
https://rocketspincasino.com/,instant casino,KWT,44,1433,3.1,15.9
https://www.luckyvibecasino.com,كازينو عربي,KWT,43,1498,2.89,20.1
https://www.spinsup.io/,fast withdrawal casino,SAU,43,2104,2.09,25.1
https://rocketspincasino.com/,crypto casino,KWT,42,1904,2.23,29.4
https://roostersbet.com,casino review,KWT,41,830,5.01,15.7
https://roostersbet.com,casino app,KWT,40,646,6.23,16.1
https://www.spinjo.io,casino review,KWT,39,2004,1.99,22.5
https://rollerocasino.com/,casino deposit bonus,SAU,39,328,11.98,6.2
https://www.playmojocasino.com/,real money casino,KWT,39,1694,2.35,27.4
https://www.spinjo.io,العاب كازينو,SAU,38,1746,2.19,10.0
https://www.playmojocasino.com/,best online casino,SAU,38,635,6.1,12.7
https://www.spinjo.io,بونص كازينو,KWT,38,644,5.94,9.5
https://roostersbet.com,sports betting,KWT,38,2224,1.72,27.5
https://roostersbet.com,instant casino,KWT,37,1129,3.31,11.8
https://roostersbet.com,best online casino,KWT,37,2030,1.86,4.9
https://www.luckyvibecasino.com,كازينو عربي,SAU,36,588,6.16,9.4
https://rollerocasino.com/,no deposit bonus,SAU,36,1386,2.63,9.7
https://roostersbet.com,blackjack online,KWT,36,815,4.51,11.4
https://lucky7evencasino.com,vip casino,KWT,36,681,5.33,19.6
https://rollerocasino.com/,casino slots,KWT,36,1046,3.51,24.2
https://www.luckyvibecasino.com,كازينو مجاني,KWT,36,938,3.87,5.6
https://www.spinsup.io/,casino games online,KWT,35,650,5.43,18.2
https://www.spinjo.io,vip casino,SAU,35,2870,1.22,18.9
https://www.playmojocasino.com/,casino review,KWT,34,1187,2.89,26.7
https://www.spinjo.io,casino app,SAU,33,586,5.66,6.6
https://rollerocasino.com/,كازينو مجاني,KWT,33,1856,1.83,27.6
https://fortuneplaycasino.net,vip casino,KWT,33,542,6.18,2.9
https://fortuneplaycasino.net,casino review,KWT,32,666,4.87,16.2
https://www.luckyvibecasino.com,best casino bonuses,KWT,32,785,4.09,18.1
https://www.luckyvibecasino.com,casino deposit bonus,SAU,32,277,11.72,5.2
https://roostersbet.com,vip casino,KWT,31,1004,3.09,24.6
https://www.spinjo.io,كازينو بالعربي,SAU,31,1453,2.15,9.0
https://rollerocasino.com/,vip casino,SAU,31,2720,1.16,24.3
https://fortuneplaycasino.net,casino promo code,SAU,31,2617,1.2,30.1
https://rollerocasino.com/,sports betting,SAU,31,456,6.9,9.4
https://www.luckyvibecasino.com,vip casino,SAU,31,632,4.94,19.9
https://roostersbet.com,real money casino,SAU,30,2892,1.05,31.0
https://rocketspincasino.com/,sports betting,KWT,30,1198,2.52,21.6
https://www.spinsup.io/,online gambling,SAU,30,1385,2.18,12.3
https://www.luckyvibecasino.com,casino free spins,SAU,29,618,4.73,6.1
https://rocketspincasino.com/,casino free spins,SAU,29,1653,1.81,15.4
https://www.spinjo.io,casino promo code,KWT,29,2378,1.23,14.2
https://roostersbet.com,live casino,KWT,28,1143,2.48,3.0
https://www.luckyvibecasino.com,افضل كازينو,KWT,28,289,9.9,11.9
https://rollerocasino.com/,free spins,SAU,28,1902,1.51,10.1
https://rocketspincasino.com/,ربح المال,SAU,27,638,4.35,16.2
https://roostersbet.com,online casino,SAU,27,1274,2.19,23.7
https://fortuneplaycasino.net,sports betting,SAU,27,493,5.59,14.4
https://www.spinsup.io/,high roller casino,KWT,27,1675,1.64,30.5
https://www.spinsup.io/,vip casino,SAU,27,1200,2.33,23.7
https://www.luckyvibecasino.com,real money casino,SAU,26,1092,2.39,27.5
https://www.playmojocasino.com/,ربح المال,SAU,26,978,2.68,19.4
https://rocketspincasino.com/,vip casino,SAU,26,828,3.16,7.3
https://www.spinsup.io/,slot games,KWT,25,2782,0.93,30.3
https://fortuneplaycasino.net,online slots,KWT,25,1586,1.62,30.7
https://rocketspincasino.com/,sports betting,SAU,25,1752,1.43,30.6
https://www.luckyvibecasino.com,العاب قمار اونلاين,KWT,25,665,3.9,25.3
https://www.spinsup.io/,casino slots,SAU,25,305,8.48,10.8
https://fortuneplaycasino.net,slot games,SAU,25,1235,2.07,8.8
https://roostersbet.com,casino welcome bonus,SAU,24,239,10.18,6.6
https://www.luckyvibecasino.com,sports betting,SAU,24,2997,0.83,30.6
https://roostersbet.com,casino slots,SAU,24,764,3.25,17.8
https://www.luckyvibecasino.com,casino review,KWT,24,1549,1.58,10.0
https://fortuneplaycasino.net,vip casino,SAU,24,1532,1.57,21.0
https://rollerocasino.com/,casino jackpot,KWT,24,974,2.52,12.5
https://rocketspincasino.com/,casino promo code,KWT,24,927,2.67,12.7
https://rocketspincasino.com/,best casino bonuses,KWT,23,1205,1.92,5.4
https://rocketspincasino.com/,casino promo code,SAU,23,1641,1.44,30.7
https://www.spinsup.io/,online slots,SAU,23,300,7.97,9.4
https://www.spinsup.io/,real money casino,KWT,23,1379,1.68,30.6
https://fortuneplaycasino.net,online gambling,KWT,23,2850,0.83,31.8
https://rocketspincasino.com/,real money casino,KWT,23,885,2.66,27.2
https://roostersbet.com,roulette online,SAU,23,2030,1.18,16.5
https://www.luckyvibecasino.com,roulette online,SAU,23,254,9.11,4.0
https://roostersbet.com,casino free spins,KWT,23,1002,2.36,7.3
https://www.luckyvibecasino.com,casino welcome bonus,KWT,23,323,7.19,16.6
https://lucky7evencasino.com,no deposit bonus,KWT,23,2207,1.07,25.9
https://roostersbet.com,casino bonus,KWT,22,602,3.69,3.9
https://lucky7evencasino.com,casino bonus,KWT,22,1030,2.19,26.5
https://rollerocasino.com/,roulette online,KWT,22,2250,0.98,31.7
https://www.luckyvibecasino.com,instant casino,KWT,22,1307,1.75,23.3
https://rocketspincasino.com/,casino welcome bonus,SAU,22,2514,0.88,32.6
https://rocketspincasino.com/,free spins,KWT,22,552,4.1,20.1
https://fortuneplaycasino.net,casino slots,KWT,22,200,11.47,1.6
https://www.playmojocasino.com/,casino promo code,KWT,21,543,4.05,23.9
https://www.playmojocasino.com/,casino app,KWT,21,2457,0.87,25.2
https://rollerocasino.com/,casino welcome bonus,KWT,21,1407,1.53,28.4
https://lucky7evencasino.com,online gambling,KWT,21,1312,1.64,14.9
https://www.spinjo.io,online slots,SAU,21,2264,0.95,29.4
https://www.playmojocasino.com/,كازينو بالعربي,SAU,21,2798,0.76,33.2
https://lucky7evencasino.com,online casino,SAU,21,1490,1.44,29.9
https://fortuneplaycasino.net,casino app,KWT,21,1042,2.11,23.8
https://www.luckyvibecasino.com,casino jackpot,SAU,21,296,7.21,13.1
https://fortuneplaycasino.net,roulette online,SAU,21,1380,1.53,27.7
https://www.luckyvibecasino.com,casino free spins,KWT,21,1955,1.11,24.8
https://roostersbet.com,casino app,SAU,21,2623,0.82,31.4
https://www.luckyvibecasino.com,mobile casino,SAU,20,759,2.68,19.8
https://lucky7evencasino.com,best casino bonuses,KWT,20,2181,0.92,30.7
https://www.spinsup.io/,real money casino,SAU,20,171,12.18,5.7
https://roostersbet.com,free spins,KWT,20,374,5.43,10.8
https://www.spinjo.io,poker online,SAU,20,1846,1.13,31.6
https://www.spinjo.io,casino games online,SAU,20,2490,0.81,31.6
https://roostersbet.com,casino free spins,SAU,19,884,2.15,10.4
https://www.luckyvibecasino.com,high roller casino,SAU,19,484,4.12,2.4
https://fortuneplaycasino.net,no deposit bonus,KWT,19,2966,0.66,33.0
https://rollerocasino.com/,free spins,KWT,19,1925,1.02,31.7
https://www.playmojocasino.com/,crypto casino,SAU,19,2578,0.76,28.6
https://lucky7evencasino.com,online slots,KWT,18,2201,0.82,27.2
https://www.spinsup.io/,casino jackpot,KWT,18,1242,1.47,29.6
https://fortuneplaycasino.net,casino deposit bonus,SAU,18,989,1.89,30.5
https://fortuneplaycasino.net,live casino,SAU,18,2313,0.81,31.1
https://fortuneplaycasino.net,best online casino,SAU,18,429,4.23,4.0
https://rocketspincasino.com/,online casino,KWT,17,624,2.86,9.4
https://www.playmojocasino.com/,mobile casino,KWT,17,289,5.95,12.5
https://rocketspincasino.com/,العاب قمار اونلاين,KWT,17,1343,1.31,30.5
https://fortuneplaycasino.net,casino slots,SAU,17,398,4.49,22.7
https://www.luckyvibecasino.com,live casino,SAU,17,993,1.75,11.6
https://www.spinjo.io,بونص كازينو,SAU,17,1032,1.73,8.2
https://lucky7evencasino.com,high roller casino,SAU,17,282,6.12,12.8
https://www.spinjo.io,online gambling,KWT,17,835,2.13,6.4
https://www.spinsup.io/,instant casino,KWT,16,231,6.97,8.3
https://lucky7evencasino.com,real money casino,SAU,16,2192,0.75,32.3
https://www.spinsup.io/,casino promo code,SAU,16,1000,1.67,25.3
https://lucky7evencasino.com,blackjack online,SAU,16,2343,0.71,30.9
https://fortuneplaycasino.net,casino games online,SAU,16,133,12.36,5.4
https://rocketspincasino.com/,poker online,SAU,16,1205,1.35,12.5
https://lucky7evencasino.com,mobile casino,KWT,16,1957,0.82,28.6
https://lucky7evencasino.com,casino free spins,KWT,15,469,3.31,6.6
https://rocketspincasino.com/,online gambling,SAU,15,645,2.45,24.5
https://lucky7evencasino.com,كازينو عربي,SAU,15,467,3.22,9.8
https://rocketspincasino.com/,blackjack online,KWT,15,2756,0.55,28.5
https://www.luckyvibecasino.com,casino slots,KWT,15,344,4.52,2.1
https://www.spinjo.io,best casino bonuses,KWT,15,275,5.67,8.4
https://www.spinjo.io,casino deposit bonus,SAU,15,816,1.88,25.6
https://www.spinjo.io,online gambling,SAU,15,982,1.55,24.0
https://rollerocasino.com/,casino games online,SAU,14,2766,0.54,33.3
https://www.spinjo.io,casino games online,KWT,14,1137,1.28,16.1
https://roostersbet.com,casino games online,KWT,13,311,4.2,24.5
https://www.spinjo.io,casino bonus,SAU,13,715,1.85,23.6
https://fortuneplaycasino.net,no deposit bonus,SAU,13,2149,0.64,32.5
https://rollerocasino.com/,casino bonus,KWT,13,592,2.27,3.0
https://rollerocasino.com/,high roller casino,SAU,13,395,3.34,23.7
https://www.luckyvibecasino.com,mobile casino,KWT,13,347,3.76,12.5
https://www.luckyvibecasino.com,best casino bonuses,SAU,12,1821,0.7,31.5
https://lucky7evencasino.com,casino review,SAU,12,751,1.6,18.5
https://rocketspincasino.com/,online casino,SAU,12,2999,0.42,33.6
https://fortuneplaycasino.net,casino promo code,KWT,12,1048,1.19,31.8
https://fortuneplaycasino.net,free spins,SAU,12,1315,0.97,32.6
https://rollerocasino.com/,mobile casino,KWT,12,1192,1.07,27.5
https://rollerocasino.com/,real money casino,KWT,12,1514,0.82,26.0
https://roostersbet.com,best online casino,SAU,12,1216,1.05,24.9
https://rollerocasino.com/,ربح المال,SAU,11,466,2.57,16.6
https://www.luckyvibecasino.com,casino games online,KWT,11,370,3.06,19.0
https://roostersbet.com,fast withdrawal casino,KWT,11,1340,0.89,21.7
https://www.spinjo.io,free spins,SAU,11,566,2.04,28.3
https://roostersbet.com,online gambling,KWT,11,2214,0.5,33.4
https://fortuneplaycasino.net,poker online,SAU,11,176,6.53,5.1
https://fortuneplaycasino.net,instant casino,KWT,11,882,1.26,25.5
https://rocketspincasino.com/,no deposit bonus,KWT,11,145,7.73,4.6
https://rollerocasino.com/,بونص كازينو,KWT,10,147,7.4,3.5
https://www.luckyvibecasino.com,online slots,KWT,10,1406,0.76,28.8
https://www.playmojocasino.com/,poker online,SAU,10,443,2.32,28.7
https://fortuneplaycasino.net,blackjack online,KWT,10,556,1.85,24.0
https://www.spinsup.io/,sports betting,KWT,10,198,5.31,12.2
https://www.spinsup.io/,casino jackpot,SAU,10,1114,0.97,29.0
https://www.spinjo.io,كازينو عربي,SAU,9,488,2.02,20.4
https://roostersbet.com,mobile casino,SAU,9,1865,0.52,31.9
https://www.playmojocasino.com/,casino bonus,SAU,9,180,5.54,9.8
https://www.playmojocasino.com/,fast withdrawal casino,KWT,9,2709,0.34,33.8
https://lucky7evencasino.com,العاب كازينو,KWT,9,268,3.66,15.0
https://rocketspincasino.com/,casino deposit bonus,KWT,9,763,1.18,30.6
https://rocketspincasino.com/,slot games,SAU,8,193,4.31,16.1
https://www.spinsup.io/,casino games online,SAU,8,484,1.81,17.0
https://rollerocasino.com/,العاب كازينو,SAU,8,994,0.87,21.2
https://lucky7evencasino.com,casino deposit bonus,SAU,8,417,2.15,23.6
https://fortuneplaycasino.net,online gambling,SAU,7,59,12.16,5.2
https://lucky7evencasino.com,casino slots,SAU,7,887,0.81,32.6
https://www.playmojocasino.com/,vip casino,SAU,7,2827,0.27,32.1
https://rollerocasino.com/,casino free spins,SAU,7,652,1.14,31.2
https://rocketspincasino.com/,casino app,SAU,7,2317,0.33,34.1
https://rollerocasino.com/,live casino,KWT,7,278,2.8,22.8
https://www.playmojocasino.com/,ربح المال,KWT,7,1941,0.41,31.8
https://www.playmojocasino.com/,instant casino,KWT,7,174,4.32,23.7
https://fortuneplaycasino.net,high roller casino,SAU,7,225,3.39,21.1
https://www.luckyvibecasino.com,casino promo code,SAU,7,191,3.95,12.1
https://lucky7evencasino.com,high roller casino,KWT,7,962,0.83,21.2
https://www.luckyvibecasino.com,online casino,SAU,6,152,4.08,21.8
https://www.playmojocasino.com/,high roller casino,KWT,6,1419,0.43,33.2
https://rocketspincasino.com/,casino deposit bonus,SAU,6,1285,0.49,32.4
https://rocketspincasino.com/,best online casino,SAU,6,380,1.82,16.1
https://rollerocasino.com/,casino app,KWT,6,122,5.17,22.3
https://rollerocasino.com/,blackjack online,SAU,6,268,2.58,14.8
https://rocketspincasino.com/,free spins,SAU,6,415,1.68,26.4
https://www.luckyvibecasino.com,poker online,KWT,6,425,1.61,29.6
https://www.spinsup.io/,casino review,KWT,6,2018,0.3,30.7
https://rollerocasino.com/,real money casino,SAU,6,1285,0.49,27.9
https://www.playmojocasino.com/,casino deposit bonus,KWT,6,1231,0.49,29.8
https://lucky7evencasino.com,slot games,SAU,6,346,1.82,30.2
https://rollerocasino.com/,live casino,SAU,5,1363,0.39,32.2
https://www.spinjo.io,casino app,KWT,5,645,0.79,25.2
https://rocketspincasino.com/,casino slots,KWT,4,814,0.6,31.8
https://www.spinjo.io,fast withdrawal casino,KWT,4,456,1.02,27.6
https://www.spinjo.io,instant casino,SAU,4,337,1.38,25.4
https://lucky7evencasino.com,best casino bonuses,SAU,4,1966,0.21,33.2
https://fortuneplaycasino.net,free spins,KWT,4,58,7.75,16.9
https://www.spinjo.io,live casino,SAU,4,363,1.29,23.0
https://fortuneplaycasino.net,real money casino,KWT,4,2803,0.15,34.4
https://www.playmojocasino.com/,mobile casino,SAU,4,234,2.11,27.9
https://lucky7evencasino.com,online gambling,SAU,4,249,1.78,9.2
https://lucky7evencasino.com,online casino,KWT,4,197,2.33,25.9
https://fortuneplaycasino.net,casino bonus,KWT,4,298,1.58,24.1
https://rocketspincasino.com/,slot games,KWT,4,338,1.25,30.4
https://www.spinjo.io,vip casino,KWT,3,1040,0.29,32.2
https://www.spinsup.io/,casino bonus,KWT,3,2690,0.14,34.4
https://roostersbet.com,real money casino,KWT,3,2136,0.15,33.3
https://lucky7evencasino.com,casino jackpot,KWT,3,2343,0.16,33.2
https://rollerocasino.com/,casino welcome bonus,SAU,3,1993,0.18,33.9
https://rollerocasino.com/,vip casino,KWT,3,417,0.95,31.8
https://rollerocasino.com/,blackjack online,KWT,3,520,0.62,33.3
https://lucky7evencasino.com,instant casino,SAU,3,1049,0.38,34.0
https://fortuneplaycasino.net,fast withdrawal casino,KWT,3,1315,0.29,32.8
https://fortuneplaycasino.net,mobile casino,SAU,2,511,0.54,33.0
https://rollerocasino.com/,high roller casino,KWT,2,2465,0.1,34.0
https://fortuneplaycasino.net,casino free spins,SAU,2,2629,0.1,34.3
https://fortuneplaycasino.net,casino review,SAU,2,301,0.78,31.0
https://rocketspincasino.com/,online gambling,KWT,2,393,0.51,29.4
https://www.playmojocasino.com/,best online casino,KWT,2,599,0.48,32.2
https://rollerocasino.com/,mobile casino,SAU,2,220,1.0,32.0
https://www.spinjo.io,casino promo code,SAU,2,2412,0.12,33.2
https://roostersbet.com,mobile casino,KWT,2,2430,0.1,34.7
https://www.spinsup.io/,casino welcome bonus,SAU,2,2701,0.1,34.0
https://fortuneplaycasino.net,casino deposit bonus,KWT,2,745,0.27,31.0
https://fortuneplaycasino.net,casino bonus,SAU,1,348,0.41,30.0
https://rollerocasino.com/,casino promo code,SAU,1,109,0.21,34.3
https://rollerocasino.com/,online gambling,KWT,1,77,2.53,10.4
https://rollerocasino.com/,slot games,KWT,1,612,0.1,34.6
https://lucky7evencasino.com,crypto casino,KWT,1,148,0.39,30.3
https://fortuneplaycasino.net,casino app,SAU,1,183,0.46,31.6
https://www.luckyvibecasino.com,casino promo code,KWT,1,1651,0.1,34.6
https://lucky7evencasino.com,instant casino,KWT,1,67,1.07,24.3
https://www.spinsup.io/,online slots,KWT,1,1197,0.1,34.9
https://www.spinsup.io/,live casino,KWT,1,82,1.95,25.7
https://www.spinsup.io/,mobile casino,KWT,1,792,0.1,34.4
https://www.spinsup.io/,fast withdrawal casino,KWT,1,1996,0.1,34.3
https://rollerocasino.com/,casino review,KWT,1,835,0.1,35.0
https://www.playmojocasino.com/,casino deposit bonus,SAU,1,947,0.1,35.0
https://www.spinsup.io/,roulette online,SAU,1,24,2.97,23.5
https://www.spinjo.io,العاب كازينو,KWT,1,99,0.64,26.6
https://roostersbet.com,casino jackpot,SAU,1,30,6.2,15.2
https://roostersbet.com,casino promo code,KWT,1,775,0.18,33.8
https://www.spinsup.io/,casino promo code,KWT,1,76,1.38,20.0
https://www.luckyvibecasino.com,العاب ربحية,SAU,1,1843,0.1,34.9
https://www.spinjo.io,fast withdrawal casino,SAU,1,42,1.36,31.4
https://www.luckyvibecasino.com,real money casino,KWT,1,898,0.1,34.9
https://roostersbet.com,no deposit bonus,KWT,1,426,0.24,33.2
https://www.spinjo.io,sports betting,SAU,1,542,0.15,34.4
https://www.luckyvibecasino.com,fast withdrawal casino,SAU,1,675,0.18,33.4
